Portfolio Item Name,Screenshot Name,Website URL,Description,Category,Related,Client Pain (Before),Value Delivered — Website,Value Delivered — Mass Traffic,Value Delivered — More Leads & Sales,KPIs We Drive,ICP (Who This Is For),How It Relates To You
Utah Gold Card,utahgoldcard.png,https://www.utahgoldcard.com,A B2B connection network needed to explain a layered offer to two very different audiences. We built a cinematic dark-and-gold audience sales experience with focused pages for cardholders and advertisers. It turns a brochure-style idea into a memorable sales experience that guides each audience to act.,Business Services,Websites,"A two-sided, ""layered"" offer nobody understood in five seconds. A brochure-style site tried to talk to cardholders and advertisers at once, so neither audience saw a clear reason to act — the value felt complicated, generic, and low-trust, and interest never turned into sign-ups.","A cinematic dark-and-gold branded experience that makes a complex two-sided offer instantly legible, with a dedicated, focused page for each audience instead of one confused catch-all.","Structured, keyword-targeted pages for each audience capture branded and category search, and a memorable premium look earns the shares and referrals a brochure site never would.","Separate cardholder and advertiser journeys, each with a single focused call-to-action, route the right audience to the right sign-up so a layered pitch finally converts.","Advertiser sign-ups, cardholder registrations, per-audience conversion rate, CTA click-through, time-on-page, cost per acquired advertiser.","Two-sided marketplaces, membership networks, and loyalty/connection programs that must sell to buyers and sellers at the same time.","If your offer has two audiences or takes a paragraph to explain, we turn it into a guided, five-second-clear sales experience that converts both sides — not a brochure people skim and leave."
Wasatch ROI AI,wasatchroiai.png,https://wasatchroiai.manus.space/?code=GNn4yYqT4YJKdc2TkQ9RrB,"Local service businesses were losing leads to slower competitors after hours. We built an AI-first site with 20 industry audience pages, an evaluation offer, and lead-capture throughout. It shows how AI chat, phone agents, and audience pages work together to qualify and book leads 24/7.",Business Services,AI Follow-Up,"Leads came in after hours and on weekends, then went cold — the first business to respond won the job, and a slower, human-only follow-up handed those customers straight to faster competitors. Every missed call and unanswered form was lost revenue.","An AI-first website with 20 industry-specific audience pages and lead-capture on every page, engineered so each visitor lands on a page that speaks directly to their trade.","20 targeted audience/industry pages multiply the number of search terms the site can rank for, pulling in qualified traffic across many local service niches instead of one generic homepage.","AI chat and AI phone agents qualify and book leads 24/7 the instant they arrive, plus a low-friction evaluation offer — so no lead waits, cools off, or leaks to a competitor.","Speed-to-lead (response time), after-hours capture rate, leads booked by AI, qualified-lead volume, appointments set, cost per booked lead.","Local, appointment-driven service businesses (home services, trades, clinics, local pros) that live or die on responding first.","If your leads arrive after hours and your competitor answers first, we put an AI team on your site that qualifies and books every lead the moment it lands — around the clock."
GPS 365 AI,gps365ai.png,https://www.gps365.ai,A growth platform needed to explain a complex AI product simply and visually. We built a clean product site plus an explainer video area that makes the offer easy to grasp fast. It pairs strong messaging with video so a prospect understands the value in under a minute.,Business Services,AI Follow-Up,"A powerful but complex AI product lost prospects at ""what exactly does this do?"" Dense feature-speak made buyers work too hard to understand the value, so they bounced before ever seeing the payoff.","A clean, modern product site paired with a dedicated explainer-video area that translates a complicated platform into a simple, visual story a first-time visitor can follow.","Clear, benefit-led messaging and a shareable explainer make the product easy to link, demo, and recommend — fueling word-of-mouth and warm referral traffic.","Video plus sharp copy gets a prospect to ""I get it — and I want it"" in under a minute, shortening the path from landing to demo request or sign-up.","Time-to-comprehension, video play/completion rate, demo/trial sign-ups, scroll depth, message-to-conversion rate.",SaaS and AI/tech platforms with a sophisticated product that is hard to explain in a single line.,"If prospects ""don't get it"" fast enough, we pair sharp messaging with video so anyone understands your value in under a minute — and asks for the demo."
BBP LLC,bbpllc.png,https://www.bbpllc.site,"A business-services firm needed one canonical price list across many partner sites. We built a bold revenue-engineered site with a six-package catalog and clear conversion paths. It proves a website can be engineered to turn audiences into revenue, not just look good.",Business Services,Websites,"Pricing and packages were scattered and inconsistent across many partner sites, creating confusion, undercutting trust, and making it impossible to sell the same offer at the same price everywhere. There was no single source of truth to convert against.","One bold, revenue-engineered site that acts as the canonical home for a clean six-package catalog — consistent, credible, and built to sell rather than just display.",A single authoritative catalog consolidates ranking signals and referral links from every partner site into one destination instead of splintering them across duplicates.,"A clear package catalog with obvious conversion paths lets partners and buyers self-select the right offer and act immediately, turning audiences into revenue.","Package selection rate, quote/checkout starts, conversion rate by package, average order value, partner-referred conversions.","Multi-partner / franchise / reseller businesses that need one consistent, conversion-first price list and offer across many sites.","If your pricing lives in ten inconsistent places, we build one canonical, revenue-engineered catalog that every partner points to — and that actually closes."
Tom Hawkyard,tomhawkyard.png,https://www.tomhawkyard.com,"A founder needed a credible personal brand hub connecting his ventures. We built a focused, premium personal site that centralizes authority, ventures, and contact. It gives a founder one polished place that builds trust and opens doors.",Real Estate,Websites,"A founder with multiple ventures had no single credible home online — his authority was scattered, hard to verify, and easy to overlook, so warm introductions and partnerships stalled for lack of one trustworthy place to point people.","A focused, premium personal-brand hub that centralizes the founder's story, ventures, and contact into one polished, high-trust destination.",A branded name-search destination captures everyone who Googles the founder and consolidates authority signals across his ventures into one place that ranks and represents him.,"Clear venture links and an obvious contact path turn curiosity into real conversations — opening doors to partners, investors, and clients.","Branded-search capture, contact/inquiry submissions, venture click-through, time-on-site, referral introductions initiated.","Founders, executives, and investors who need a credible personal brand hub that ties multiple ventures together.","If people who look you up can't find one credible home, we build the polished hub that centralizes your authority and turns a search into an introduction."
Artecore Institute,artecoreinstitute.png,https://www.artecoreinstitute.com,"A beauty institute needed enrollment-focused pages that fill programs. We built an elegant education site with program pages, instructor credibility, and inquiry capture. It guides prospective students from interest to enrollment with confidence.",Beauty Services,Audience Pages,"Prospective students were interested but unconvinced — programs, outcomes, and instructor credibility were unclear, so inquiries trickled in and seats went unfilled. There was no confident path from ""curious"" to ""enrolled.""","An elegant education site with dedicated program pages, visible instructor credibility, and inquiry capture built to reassure and enroll.","A distinct page per program captures searches for each course and specialty, drawing in high-intent prospective students instead of one generic ""school"" page.","Credibility content plus inquiry forms on every program page turn interest into booked consultations and applications, filling cohorts.","Program-page traffic, inquiry/application submissions, inquiry-to-enrollment rate, cost per enrollment, seats filled per cohort.","Trade schools, academies, and training institutes (beauty, wellness, vocational) that need to fill program seats.","If interested students aren't enrolling, we build program pages that prove credibility and capture inquiries — guiding ""curious"" to ""enrolled"" with confidence."
Artecore Salon,artecoresalon.png,https://www.artecoresalon.com,A salon needed an editorial brand and online booking. We built a polished beauty brand with service menus and booking. It positions the salon as a premium local destination.,Beauty Services,Websites,"The salon looked like every other local option and relied on phone calls and walk-ins to book. Without a premium brand or online booking, it competed on price instead of prestige and lost after-hours bookings.","A polished, editorial beauty brand with clear service menus and integrated online booking that positions the salon as a premium local destination.","A strong local brand and service pages capture ""best salon near me"" searches and the editorial look earns the social shares that drive discovery.",Online booking turns browsers into appointments 24/7 and a premium presentation supports higher-value services and repeat visits.,"Online bookings, new-client bookings, average ticket, rebooking rate, local search visibility, after-hours booking share.","Salons, spas, and premium local service studios that want to command premium pricing and book online.","If you're competing on price and missing after-hours bookings, we give you an editorial brand and 24/7 booking that make you the premium local choice."
Walubi Graphics,walubigraphics.png,https://www.walubi-graphics.com,"A graphics studio needed a portfolio that showcases its range and creative work. We built a vivid, gallery-style site that puts the visual work front and center. It lets the work sell itself and makes booking creative projects easy.",Graphics & Design,Websites,"A talented studio's best work was buried or scattered, so its true range never landed with prospects. Without a portfolio that let the work speak, booking creative projects meant re-explaining capability from scratch every time.","A vivid, gallery-style portfolio site that puts the visual work front and center and makes the range obvious at a glance, with an easy path to book.","A rich visual gallery is inherently shareable and pin-worthy, earning discovery traffic and showcasing enough breadth to rank for multiple creative-service terms.",Letting the work sell itself plus a frictionless project-inquiry path converts admiring browsers into booked creative projects.,"Portfolio engagement, project inquiries, inquiry-to-booking rate, average project value, referral/share traffic.","Creative studios, designers, and agencies whose portfolio itself is the primary sales tool.","If your best work is buried, we build a gallery that lets it sell itself — turning ""wow"" into a booked project without you re-pitching your range."
Raidius IT,raidiusit.png,https://raidius-it.com,"A managed-IT provider needed to look established and earn enterprise trust. We built a clean, capability-driven services site with clear paths for support and consultations. It positions a local IT firm as a credible, modern technology partner.",Business Services,Websites,"A capable local IT firm looked smaller and less established than it was, so enterprise buyers hesitated. An outdated presence undermined trust for high-stakes technology decisions and cost the firm serious deals before the first conversation.","A clean, capability-driven services site that signals enterprise-grade credibility, with clear, separate paths for support and for new consultations.","Capability and service pages capture searches for specific IT services and industries, positioning the firm to be found for exactly what enterprise buyers need.","Distinct consultation and support CTAs route serious buyers straight to a conversation, converting credibility into booked discovery calls.","Consultation requests, qualified enterprise inquiries, service-page traffic, request-to-meeting rate, cost per qualified lead.","B2B technology and professional-services firms (MSPs, IT, consultancies) selling to enterprise buyers who buy on trust.","If you're losing enterprise deals to firms that merely look bigger, we build the credible, modern presence that earns trust before the first call."
Spartan Funding,spartanfunding.png,https://spartan-funding.com,A lending firm needed to explain loan options clearly. We built a clean lending website with application capture. It turns borrowers into qualified leads.,Real Estate,Websites,"Confusing loan options and a murky path to apply made borrowers hesitate and shop elsewhere. Without clear explanations or an easy application, qualified borrowers slipped away and the pipeline stayed thin.","A clean, trustworthy lending site that explains loan options in plain language with application/lead capture built into the flow.",Clear pages for each loan type capture high-intent borrower searches and build the trust signals lenders need to be considered.,"A simple application-capture path converts borrowers into qualified, pre-screened leads instead of losing them to friction and confusion.","Application starts, completed applications, qualified-lead rate, cost per funded lead, loan-type page conversion.","Lenders, mortgage/loan brokers, and financial-services firms that need to convert borrowers into qualified applications.","If borrowers bounce on confusing options, we make your loan products clear and the application easy — turning visitors into qualified, ready-to-fund leads."
DD Talks,ddtalks.png,https://ddtalks.com,A talks series needed a content home and signup. We built a media-style site with episode listings and capture. It grows an audience around a content brand.,Podcasts,Websites,A great talks series had no real home — episodes lived on scattered platforms with no way to capture or grow an owned audience. Reach depended on algorithms instead of a list the brand actually controlled.,"A media-style content hub with clean episode listings and email/subscribe capture that gives the series a permanent, owned home.","An episode archive builds a deep, indexable content library that ranks for topics and guests, compounding organic discovery over time.",Subscribe and capture prompts convert one-time listeners into an owned audience the brand can re-engage on demand — independent of any platform.,"Subscriber growth, email opt-ins, returning-listener rate, episode engagement, organic content traffic.","Podcasters, creators, and content brands that need an owned audience hub, not just platform reach.","If your audience lives on platforms you don't control, we build the content home that captures subscribers and grows an audience that's actually yours."
IMS Testing,imstesting.png,https://imstesting.com,An industrial testing firm needed credibility. We built a professional services site with capability pages. It builds trust for high-stakes industrial buyers.,Business Services,Websites,"For high-stakes industrial testing, buyers won't risk an unproven vendor — yet the firm's presence didn't convey the rigor, certifications, or capability depth to make the shortlist. Credibility gaps quietly disqualified it.","A professional services site with detailed capability pages that establish rigor, credentials, and depth for demanding industrial buyers.","Capability and industry pages capture specific technical and compliance search terms, making the firm findable for exactly the tests buyers need.",Clear capability proof plus inquiry paths convert cautious industrial buyers into qualified RFQs and consultations.,"Qualified inquiries/RFQs, capability-page traffic, inquiry-to-quote rate, cost per qualified lead, credential engagement.","Industrial, engineering, and technical B2B firms selling high-stakes services where credibility is the gatekeeper.","If buyers can't risk an unproven vendor, we build the capability-rich, credibility-first site that gets you onto the shortlist and into the RFQ."
Cornerstone Chiro,cornerstonechiro.png,https://cornerstonechiro.com,A chiropractic practice needed new-patient growth. We built a clean practice site with appointment requests and local SEO. It turns local searches into booked appointments.,Health Care,Local SEO,"The practice depended on referrals and word-of-mouth while nearby competitors captured the ""chiropractor near me"" searches. Weak local visibility and no easy online booking meant new-patient growth stalled.","A clean, trust-building practice site with prominent appointment requests, optimized for local search from the ground up.","Local SEO (Google Business, local keywords, location pages) captures high-intent ""near me"" searches and puts the practice in front of nearby patients actively seeking care.",Prominent appointment-request paths convert local searchers into booked new-patient visits instead of sending them to a competitor.,"Local pack ranking, new-patient appointment requests, calls/bookings, search-to-booking rate, cost per new patient.","Local healthcare practices and clinics that grow by winning nearby ""near me"" searches.","If competitors own your ""near me"" searches, we combine local SEO and easy booking to turn local demand into booked new-patient appointments."
Cornerstone Stem Cells,cornerstonestemcells.png,https://cornerstone-stem-cells.com,A stem cell clinic needed to explain treatments and build trust. We built a medical authority site with treatment pages and inquiry capture. It positions a specialty clinic as a trusted leader.,Health Care,Websites,"Regenerative treatments are unfamiliar and skepticism runs high, so prospective patients hesitated without clear, credible explanations. Without authority-building content, the clinic struggled to convert interest into consultations.",A medical authority site with in-depth treatment pages and inquiry capture that educates patients and positions the clinic as a trusted leader.,"Detailed, educational treatment pages rank for the specific conditions and therapies patients research, drawing in high-intent, informed prospects.",Trust-forward content plus inquiry capture converts cautious researchers into booked consultations for high-value treatments.,"Consultation inquiries, treatment-page traffic, inquiry-to-consult rate, cost per patient acquired, educational engagement depth.",Specialty and elective medical clinics offering high-consideration treatments patients research heavily before committing.,"If patients are skeptical of an unfamiliar treatment, we build the authority-first site that educates, earns trust, and converts research into consultations."
Cornerstone Stem Cells 2,cornerstonestemcells2.png,https://cornerstone-stem-cells2.com,A stem cell clinic location needed local presence. We built a location-specific medical site with local SEO. It drives local patients to the right location.,Health Care,Local SEO,"A second clinic location was invisible in local search and blurred together with the main brand, so nearby patients couldn't find or choose the right location. Local demand went uncaptured.","A location-specific medical site with dedicated local SEO that gives the second location its own findable, bookable identity.","Location-targeted SEO captures ""near me"" and city-specific searches for that exact area, putting the right clinic in front of nearby patients.","Location-clear booking and inquiry paths route local patients to the correct clinic, converting nearby demand into visits.","Location local-pack ranking, location-specific inquiries, bookings by location, near-me search capture, cost per patient.",Multi-location healthcare and service brands that need each location to win its own local market.,"If a location is invisible in local search, we give it its own local-SEO identity so nearby patients find and book the right one."
Dental Implants & Perio,dentalimplantsperio.png,https://dental-implants-perio.com,A dental specialty practice needed referral clarity. We built a trust-forward specialty site with provider profiles. It makes a specialty practice easy to refer and find.,Health Care,Local SEO,"A referral-driven specialty practice was hard to refer to and hard to find — provider expertise wasn't clear, so referring dentists and patients lacked the confidence and information to send cases their way.","A trust-forward specialty site with detailed provider profiles that makes the practice easy to find, easy to vet, and easy to refer.","Specialty and procedure pages plus local SEO capture searches for implants, periodontics, and referrals in the area.",Clear provider credibility and simple contact/referral paths convert both referring dentists and patients into booked cases.,"Referral inquiries, patient consultation requests, provider-page engagement, procedure-page traffic, referral-to-case rate.",Referral-based medical and dental specialty practices that grow through referring providers and high-intent patients.,"If you're hard to refer to, we make your expertise obvious and your practice easy to find — so referrals and patients choose you with confidence."
ADHD Specialist,adhdspecialist.png,https://adhd-specialist.com,A medical practice needed to reach ADHD patients. We built a patient-focused site with diagnosis info and booking. It turns searchers into scheduled consultations.,Health Care,Websites,"People searching for ADHD help felt overwhelmed and unsure where to start, and the practice had no clear, reassuring path from ""I think I have this"" to a booked evaluation — so high-intent searchers slipped away.",A patient-focused site with clear diagnosis information and simple booking that meets anxious searchers with reassurance and a next step.,"Condition and diagnosis content ranks for the specific symptom and ""ADHD testing near me"" searches patients actually type, drawing in high-intent traffic.",Reassuring content plus frictionless booking converts overwhelmed searchers directly into scheduled consultations.,"Consultation bookings, evaluation requests, symptom-page traffic, search-to-booking rate, cost per booked patient.",Behavioral-health and specialty medical practices serving high-intent patients actively searching for a diagnosis or treatment.,"If searchers feel overwhelmed and don't know where to start, we give them clear answers and one easy step — turning searches into scheduled consultations."
Katrina's Antiques,katrinasantiques.png,https://katrinas-folsom.com,An antique shop needed an online storefront. We built a gallery-style site showcasing inventory and hours. It drives foot traffic and online inquiries.,Retail,Websites,"A shop full of one-of-a-kind pieces was invisible online — no way to showcase rotating inventory or hours, so nearby collectors couldn't discover it and foot traffic depended entirely on chance passersby.","A gallery-style storefront that showcases inventory, character, and hours, giving the shop a discoverable online home.","A visual, local-optimized storefront captures ""antiques near me"" searches and shareable inventory photos that pull collectors in from search and social.",Showcased pieces and clear location/hours plus an inquiry path drive both foot traffic and online inquiries about specific items.,"Local search traffic, item inquiries, direction/hours clicks, foot-traffic referral, social/gallery engagement.","Local retail shops and boutiques with unique, visual inventory that draw in nearby and destination shoppers.","If your shop is invisible online, we build the gallery storefront that gets nearby collectors through your door and asking about specific pieces."
Hand of Gawd Tattoo,handofgawd.png,https://handofgawd.com,A tattoo studio needed to showcase artists and book appointments. We built a bold portfolio site with artist profiles and booking. It attracts clients and streamlines the booking process.,Retail,Websites,"Client work and individual artist styles were scattered across personal social accounts, so the studio couldn't showcase its full talent or convert admirers into booked appointments. Booking meant slow back-and-forth DMs.",A bold portfolio site with individual artist profiles and integrated booking that centralizes the studio's talent and streamlines appointments.,"A rich, style-searchable portfolio plus artist pages capture ""tattoo artist near me / [style]"" searches and shareable work that drives discovery.",Artist-matched browsing plus a booking flow converts admirers into booked appointments and cuts the DM back-and-forth.,"Booking requests, appointments booked, artist-page engagement, portfolio traffic, inquiry-to-booking rate.",Studios and creative service businesses whose individual talent and visual portfolio drive bookings.,"If your best work is scattered across DMs, we centralize your artists' portfolios and booking so admirers become appointments — without the back-and-forth."
Night Ranger Band,nightrangerband.png,https://night-ranger-band.com,"A touring band needed a fan hub and tour calendar. We built a music site with tour dates, media, and fan engagement. It keeps fans connected and drives ticket sales.",Bands,Websites,"Fans were scattered across platforms with no central place for tour dates, media, or updates — so ticket announcements missed people and the band couldn't reliably reach its own audience or drive sales to shows.","A music-brand fan hub with a live tour calendar, media, and fan-engagement/signup that gives the band one home for its audience.","A media-rich hub and tour archive capture fan and tour searches and give fans a reason to return, building repeat, owned traffic.",A clear tour calendar with ticket links plus fan capture converts visits into ticket sales and an audience the band can re-engage per tour.,"Ticket-link clicks, tour-date engagement, fan email/SMS signups, returning-visitor rate, media engagement.","Musicians, bands, and touring performers who need an owned fan hub to drive ticket and merch sales.","If your fans are scattered and miss your announcements, we build the hub that keeps them connected and turns tour dates into ticket sales."
Sushi Totto,sushitotto.png,https://sushi-totto.com,A sushi restaurant needed an online menu and ordering. We built a photo-rich menu site with online ordering integration. It turns hungry searchers into orders and reservations.,Restaurants,Websites,"Hungry locals searching for sushi found no appetizing menu, photos, or easy way to order — so they chose a competitor with a better online presence. Phone-only ordering and a bare listing left revenue on the table.",A photo-rich menu site with integrated online ordering and reservations that makes the food irresistible and ordering effortless.,"A local-optimized, image-rich menu captures ""sushi near me"" searches and the mouth-watering photos earn the clicks and shares that drive discovery.","Online ordering and reservation integration converts hungry searchers directly into orders and booked tables, 24/7.","Online orders, reservations, menu/photo engagement, local search traffic, search-to-order conversion, average order value.",Restaurants and local food businesses that win or lose customers on their online menu and ordering experience.,"If hungry searchers can't see your food or order easily, we build the photo-rich menu and ordering that turns ""sushi near me"" into your next order."
HawkTech Newsletter,hawktechnewsletter.png,https://hawktech.agency/newsletter/week-1,A tech agency needed a content hub for subscribers. We built a newsletter archive with signup and content discovery. It grows an audience and establishes thought leadership.,Newsletters,Websites,"The agency's best insights lived in ephemeral email sends that vanished after delivery — no searchable archive, no way for new readers to discover past issues or subscribe, so the content never compounded into audience or authority.","A newsletter archive hub with signup and content discovery that turns disposable sends into a permanent, browsable thought-leadership library.",An indexed archive of every issue builds a deep content library that ranks for the agency's topics and pulls in organic readers over time.,"Discovery plus prominent subscribe prompts convert new readers into subscribers, growing an owned audience the agency can market to.","Subscriber growth, email opt-ins, archive traffic, returning-reader rate, content engagement, organic discovery.","Agencies, B2B brands, and creators using content and newsletters to build authority and an owned audience.","If your newsletter disappears after each send, we turn it into a searchable archive that grows subscribers and builds authority around the clock."
